finding_id,filename
6dcd4f24-0f46-5c32-a065-a39bf786e002,GINFOSEC-91242_cny-prod-backend-server03-GO.csv
f01340f2-a46e-57b6-a1c9-4c9b53ac22ae,GINFOSEC-91242_cny-prod-backend-server03-GO.csv
0b324f84-ae20-5419-80d6-22cb73a0b6f0,GINFOSEC-91244_cny-prod-backend-server03-JAVA.csv
50a4c7eb-878d-592f-804e-ee36e0f5496f,GINFOSEC-91244_cny-prod-backend-server03-JAVA.csv
2aa48eb0-e1b0-5efc-8bbc-2c49a8f1724e,GINFOSEC-91244_cny-prod-backend-server03-JAVA.csv
ecd047ff-c68a-5c2c-8320-7179f3adf299,GINFOSEC-91244_cny-prod-backend-server03-JAVA.csv
f3dccec2-3ae7-51a9-9cb6-81b0eb2b5eec,GINFOSEC-91244_cny-prod-backend-server03-JAVA.csv
55c4d6b9-17d8-5878-b1f8-b34b19809ae6,GINFOSEC-91244_cny-prod-backend-server03-JAVA.csv
378ba54a-592b-5339-adba-d4af27d06e30,GINFOSEC-91244_cny-prod-backend-server03-JAVA.csv
3cf6384b-66dc-5278-84ae-eb40103b22f6,GINFOSEC-91244_cny-prod-backend-server03-JAVA.csv
f46b6da6-b4f3-539d-9c39-750762afe4f4,GINFOSEC-91244_cny-prod-backend-server03-JAVA.csv
3a216d2e-f9d1-5aba-80c0-7acb9f3bc250,GINFOSEC-91244_cny-prod-backend-server03-JAVA.csv
b92820a5-0fe0-521c-b136-c8833ce9ea17,GINFOSEC-91244_cny-prod-backend-server03-JAVA.csv
40474dff-1037-59e3-837f-be0a43660219,GINFOSEC-91244_cny-prod-backend-server03-JAVA.csv
256f5c7a-dbeb-5831-b758-d34d012436cc,GINFOSEC-91244_cny-prod-backend-server03-JAVA.csv
e23b780b-b14b-561f-8d6b-fcd627f4dc34,GINFOSEC-91244_cny-prod-backend-server03-JAVA.csv
51aeaf73-ecf5-5da9-879c-ac3e7d5044f4,GINFOSEC-91244_cny-prod-backend-server03-JAVA.csv
50a38f95-5982-5d5f-b0f7-e50fd25ce14b,GINFOSEC-91244_cny-prod-backend-server03-JAVA.csv
8f27031e-1365-5731-b921-b2b3ee1baa63,GINFOSEC-91244_cny-prod-backend-server03-JAVA.csv
4ba17526-3ded-5ee6-8fcc-3486daf1416f,GINFOSEC-91244_cny-prod-backend-server03-JAVA.csv
9f1afc56-badf-56e8-bfdc-096e353c8363,GINFOSEC-91244_cny-prod-backend-server03-JAVA.csv
3a399240-6b93-5ea9-bf0f-614a8c692d69,GINFOSEC-91244_cny-prod-backend-server03-JAVA.csv
4f83ed8f-371b-5f18-8ac7-6f37f706fdb8,GINFOSEC-91244_cny-prod-backend-server03-JAVA.csv
a5260d66-53ce-5d00-8b97-0c4aac108c0a,GINFOSEC-91244_cny-prod-backend-server03-JAVA.csv
d2a22055-85f2-5ea1-b610-303d9aa8e5d2,GINFOSEC-91244_cny-prod-backend-server03-JAVA.csv
0160741e-9846-5b42-bfc1-ccb6220dc162,GINFOSEC-91245_cny-prod-backend-server01-GO.csv
20e49c15-2b1a-5f40-b387-ca25b4a7cf25,GINFOSEC-91245_cny-prod-backend-server01-GO.csv
7dc93182-6814-5654-bdb9-fe8f50999994,GINFOSEC-91247_cny-prod-backend-server01-JAVA.csv
8b2d48bc-c733-5b3b-88f7-f6a4b061f650,GINFOSEC-91247_cny-prod-backend-server01-JAVA.csv
2b25d66b-78f5-52ac-856b-656e71a95b2c,GINFOSEC-91247_cny-prod-backend-server01-JAVA.csv
a2144efb-bfc7-5d2c-9af1-23a97e858563,GINFOSEC-91247_cny-prod-backend-server01-JAVA.csv
43113997-ef5e-547a-90d9-1bce4cdb8c0d,GINFOSEC-91247_cny-prod-backend-server01-JAVA.csv
93272a9f-b68c-5f26-ae36-f48efd3820e1,GINFOSEC-91247_cny-prod-backend-server01-JAVA.csv
1d147fc4-9397-53be-bfbd-748a8c1b4549,GINFOSEC-91247_cny-prod-backend-server01-JAVA.csv
85d3bfcb-6ad0-5ed9-8a14-bf61d23f1c7b,GINFOSEC-91247_cny-prod-backend-server01-JAVA.csv
a7017aaf-acd0-5e01-b1b0-a60dccc3208f,GINFOSEC-91247_cny-prod-backend-server01-JAVA.csv
1ce6d826-b4ea-5632-a9d1-ebdd74cd558a,GINFOSEC-91247_cny-prod-backend-server01-JAVA.csv
9832659f-08d3-5402-ab68-661d71182449,GINFOSEC-91247_cny-prod-backend-server01-JAVA.csv
db713f88-0c42-5d05-b8e1-b30a13b564f4,GINFOSEC-91247_cny-prod-backend-server01-JAVA.csv
4f5aa34a-08cd-5bc4-8fef-d1151a60e117,GINFOSEC-91247_cny-prod-backend-server01-JAVA.csv
5474d895-1f45-59a0-b1b3-96479c37129c,GINFOSEC-91247_cny-prod-backend-server01-JAVA.csv
510e44c1-a8b4-5730-917f-37eedc237848,GINFOSEC-91247_cny-prod-backend-server01-JAVA.csv
0dbcc7b3-2473-52e8-a941-1de385cb5b74,GINFOSEC-91247_cny-prod-backend-server01-JAVA.csv
32c45cfc-9e16-5e35-ba25-562676a9bb17,GINFOSEC-91247_cny-prod-backend-server01-JAVA.csv
12c6c244-1667-5a5a-994a-0afbd7b74817,GINFOSEC-91247_cny-prod-backend-server01-JAVA.csv
d66051ac-3087-504a-a6f5-5a4bcc5a8500,GINFOSEC-91247_cny-prod-backend-server01-JAVA.csv
661308bd-7086-5d02-afc3-1c563a4970b7,GINFOSEC-91247_cny-prod-backend-server01-JAVA.csv
b15c0fbe-20c8-595e-bc59-95c6e151aa18,GINFOSEC-91247_cny-prod-backend-server01-JAVA.csv
e5120d3a-3c7c-54ed-a869-794f8f71e93c,GINFOSEC-91247_cny-prod-backend-server01-JAVA.csv
68109380-e2a9-526f-b941-e83b51108196,GINFOSEC-91247_cny-prod-backend-server01-JAVA.csv
929755db-e8d8-5d9e-a6fe-055034584a1b,GINFOSEC-91248_cny-prod-backend-server07-GO.csv
77f8c4ac-eb9d-5ee9-8efa-234feb4a2eec,GINFOSEC-91248_cny-prod-backend-server07-GO.csv
e4408842-2782-5d48-b59d-5140a230aacc,GINFOSEC-91250_cny-prod-backend-server07-JAVA.csv
b35e7e4f-ab60-5e79-bdbf-fec6b9f1ec21,GINFOSEC-91250_cny-prod-backend-server07-JAVA.csv
a9b01292-0917-5963-9f78-d070ecd43fee,GINFOSEC-91250_cny-prod-backend-server07-JAVA.csv
b31653db-d7ba-5a26-a41c-f6812acccbc5,GINFOSEC-91250_cny-prod-backend-server07-JAVA.csv
04b65556-7c0b-5516-82ea-fffc6e771c7b,GINFOSEC-91250_cny-prod-backend-server07-JAVA.csv
369ba002-fd65-5b0c-9b06-f0e47bce9bb4,GINFOSEC-91250_cny-prod-backend-server07-JAVA.csv
504314d8-ef73-55f9-8b40-c2919ea8747b,GINFOSEC-91250_cny-prod-backend-server07-JAVA.csv
a6e76994-3726-56d6-8693-33e3ed029e08,GINFOSEC-91250_cny-prod-backend-server07-JAVA.csv
2bc2128c-d335-587f-be3b-772cd46273c6,GINFOSEC-91250_cny-prod-backend-server07-JAVA.csv
030acbf4-b4e7-5e2c-9b21-950d1f065829,GINFOSEC-91250_cny-prod-backend-server07-JAVA.csv
9463687e-c66b-50ce-89d1-748f11a638fb,GINFOSEC-91250_cny-prod-backend-server07-JAVA.csv
cb9aef15-d4a7-56aa-b3f0-6154635fabdf,GINFOSEC-91250_cny-prod-backend-server07-JAVA.csv
c92b4bd6-a55a-5420-ad76-a130bf383c60,GINFOSEC-91250_cny-prod-backend-server07-JAVA.csv
c7992446-3150-53be-9aee-a63413c84bce,GINFOSEC-91250_cny-prod-backend-server07-JAVA.csv
06516067-c0f7-5643-9706-c68dd4234827,GINFOSEC-91250_cny-prod-backend-server07-JAVA.csv
4cfbd212-b301-5560-8174-ca55d7f4263c,GINFOSEC-91250_cny-prod-backend-server07-JAVA.csv
f6e04039-7415-5a83-a2b3-0348e146cd76,GINFOSEC-91250_cny-prod-backend-server07-JAVA.csv
f4505caa-893c-5010-9a0d-4748965132e4,GINFOSEC-91250_cny-prod-backend-server07-JAVA.csv
9e1b36d4-2bcf-5097-a58e-d88491064222,GINFOSEC-91250_cny-prod-backend-server07-JAVA.csv
df73e465-23ce-58fe-85f4-c55e5d95b909,GINFOSEC-91250_cny-prod-backend-server07-JAVA.csv
bb4e19d6-d3e8-5f17-801f-9818da54a9e8,GINFOSEC-91250_cny-prod-backend-server07-JAVA.csv
819b57a0-bdfb-5df0-b662-5da844043e47,GINFOSEC-91250_cny-prod-backend-server07-JAVA.csv
77496228-a27e-5342-93eb-f34d5acd3f2b,GINFOSEC-91250_cny-prod-backend-server07-JAVA.csv
059759d8-35c8-5a8f-ad26-01b1719f0128,GINFOSEC-91251_cny-prod-backend-server06-GO.csv
0667c843-0e79-50be-8b6e-d81bd96628eb,GINFOSEC-91251_cny-prod-backend-server06-GO.csv
0259133e-1481-53d2-82be-c8a5b89faf77,GINFOSEC-91253_cny-prod-backend-server06-JAVA.csv
d62d5dee-c351-59e1-b7f3-f4cb443c7aad,GINFOSEC-91253_cny-prod-backend-server06-JAVA.csv
ce84cdec-3caf-5a3f-a376-1537af05df2c,GINFOSEC-91253_cny-prod-backend-server06-JAVA.csv
f6300528-cbcf-5c26-a4c0-4c95959190a3,GINFOSEC-91253_cny-prod-backend-server06-JAVA.csv
2165ffe9-3cdb-54c5-bdc8-13e9f3876314,GINFOSEC-91253_cny-prod-backend-server06-JAVA.csv
1000de66-4be8-5c5a-bb14-65be406ec694,GINFOSEC-91253_cny-prod-backend-server06-JAVA.csv
7bb5c309-77cc-59dc-82b8-2ca1216d22be,GINFOSEC-91253_cny-prod-backend-server06-JAVA.csv
179ef24f-ec1d-52e6-8202-588caa01c8d3,GINFOSEC-91253_cny-prod-backend-server06-JAVA.csv
4349e255-c771-561a-bf0e-232845a57cab,GINFOSEC-91253_cny-prod-backend-server06-JAVA.csv
66400d43-9ea2-54cf-ac76-f57ac3fc8fac,GINFOSEC-91253_cny-prod-backend-server06-JAVA.csv
ae5dad3e-7c6f-5e53-9759-3aa1a248d212,GINFOSEC-91253_cny-prod-backend-server06-JAVA.csv
19872355-1a29-57eb-b8c7-0af8fb11af34,GINFOSEC-91253_cny-prod-backend-server06-JAVA.csv
b97e304c-bcd8-5e57-b628-4ca1af8a4b62,GINFOSEC-91253_cny-prod-backend-server06-JAVA.csv
eb27a321-74ef-5c84-9d29-b41a6b51a86c,GINFOSEC-91253_cny-prod-backend-server06-JAVA.csv
7d400f3b-f208-5b24-b2a1-8568b7120481,GINFOSEC-91253_cny-prod-backend-server06-JAVA.csv
53cdde08-4fca-502e-ad5e-4a7f5552fca5,GINFOSEC-91253_cny-prod-backend-server06-JAVA.csv
81ea166c-96f2-55f0-9684-0be0a2584416,GINFOSEC-91253_cny-prod-backend-server06-JAVA.csv
9fad2e2b-830d-59a5-89a1-fcc7fad71c50,GINFOSEC-91253_cny-prod-backend-server06-JAVA.csv
8c7246a2-0b26-51a2-b9ba-1f724ea4cdd0,GINFOSEC-91253_cny-prod-backend-server06-JAVA.csv
fee015e6-b6f4-567b-8e22-4b8ff03307c9,GINFOSEC-91253_cny-prod-backend-server06-JAVA.csv
90033c4a-c0a9-598d-a18f-4d5439bd42fc,GINFOSEC-91253_cny-prod-backend-server06-JAVA.csv
46e827dd-c478-5fed-8a11-85c16d541fee,GINFOSEC-91253_cny-prod-backend-server06-JAVA.csv
c47ea2cf-3a3d-54c3-80b3-7a1f7261df89,GINFOSEC-91253_cny-prod-backend-server06-JAVA.csv
f7e875ff-44e7-5ef7-b74d-09cf87a0e4ba,GINFOSEC-91254_cny-prod-backend-server04-GO.csv
69a8550f-2dc1-5a7e-9e06-4feb4d9bddcc,GINFOSEC-91254_cny-prod-backend-server04-GO.csv
c302edfb-8cc2-5eb9-9c8a-35545d8ecf68,GINFOSEC-91256_cny-prod-backend-server04-JAVA.csv
b4bcc230-86f4-5c2b-84e7-6ed350f53679,GINFOSEC-91256_cny-prod-backend-server04-JAVA.csv
373e5ffb-b024-51a1-8242-f23752a8cc1a,GINFOSEC-91256_cny-prod-backend-server04-JAVA.csv
82b89cf2-a207-5ce4-8910-87cb91a1c821,GINFOSEC-91256_cny-prod-backend-server04-JAVA.csv
af2490ac-da21-5a76-8749-bba26dac8e52,GINFOSEC-91256_cny-prod-backend-server04-JAVA.csv
d2dcdf0d-e089-58b3-9142-23bdb484bac2,GINFOSEC-91256_cny-prod-backend-server04-JAVA.csv
c8153fc6-3c4b-5f8b-aeda-798f509435e4,GINFOSEC-91256_cny-prod-backend-server04-JAVA.csv
40e2261d-dbba-53e6-a023-15e3925d9aa3,GINFOSEC-91256_cny-prod-backend-server04-JAVA.csv
715408a8-542f-50be-8a67-3ea8a5e945a7,GINFOSEC-91256_cny-prod-backend-server04-JAVA.csv
ebccd7ca-2a7c-50be-8748-6ec360efd673,GINFOSEC-91256_cny-prod-backend-server04-JAVA.csv
2893dcb0-daf2-5547-bd3f-6e676587c850,GINFOSEC-91256_cny-prod-backend-server04-JAVA.csv
8809c4ce-5c0a-5fea-9d5b-ef1480b8cf19,GINFOSEC-91256_cny-prod-backend-server04-JAVA.csv
9cea36dd-0a8f-5a64-b476-ba87a3ca5806,GINFOSEC-91256_cny-prod-backend-server04-JAVA.csv
01155e75-d504-51f0-adfd-90b36215b2f2,GINFOSEC-91256_cny-prod-backend-server04-JAVA.csv
c086621b-6579-5d77-bc02-fdd8a9178e1b,GINFOSEC-91256_cny-prod-backend-server04-JAVA.csv
c20d979d-9df5-5b7a-9991-b01471d02022,GINFOSEC-91256_cny-prod-backend-server04-JAVA.csv
a94c7e15-4856-5a58-a604-95f17565ebc4,GINFOSEC-91256_cny-prod-backend-server04-JAVA.csv
56de3802-074f-5983-b45f-ab3ee340f545,GINFOSEC-91256_cny-prod-backend-server04-JAVA.csv
6e1292c6-41c8-5694-8966-643b1a25f9ee,GINFOSEC-91256_cny-prod-backend-server04-JAVA.csv
5286a192-a358-555b-9f46-9edbee5f9141,GINFOSEC-91256_cny-prod-backend-server04-JAVA.csv
66828f49-ff27-51a5-9de1-2ce5421c5ca2,GINFOSEC-91256_cny-prod-backend-server04-JAVA.csv
6d72a824-efe2-58a5-9641-ea799d935011,GINFOSEC-91256_cny-prod-backend-server04-JAVA.csv
d12cd0ce-c4f9-517f-9e0f-493b6540c325,GINFOSEC-91256_cny-prod-backend-server04-JAVA.csv
7a039e29-b2a2-5981-b33d-bef1fd8edef2,GINFOSEC-91257_cny-prod-backend-server02-GO.csv
05f4476f-c3d3-5108-be4e-af48d3a5036f,GINFOSEC-91257_cny-prod-backend-server02-GO.csv
25d94c00-8b0e-5a9f-8c9c-c79d362e7e7c,GINFOSEC-91259_cny-prod-backend-server02-JAVA.csv
d85d9a2e-a03c-59a0-a916-b9ae0cea3d87,GINFOSEC-91259_cny-prod-backend-server02-JAVA.csv
a7099b6e-90d9-5937-bd6d-dd2f3b80caa8,GINFOSEC-91259_cny-prod-backend-server02-JAVA.csv
eb82d5ec-3479-5512-b591-fc09ce74dce9,GINFOSEC-91259_cny-prod-backend-server02-JAVA.csv
ee6a0d7b-27e1-5902-8088-54956fa204c5,GINFOSEC-91259_cny-prod-backend-server02-JAVA.csv
a0c50a75-b4f1-51ac-9eb9-c205294a4b7c,GINFOSEC-91259_cny-prod-backend-server02-JAVA.csv
8d0c9f17-6cdb-5dfb-9ed7-1913d0e809c2,GINFOSEC-91259_cny-prod-backend-server02-JAVA.csv
2d7270ab-2c53-51d3-9575-65dd085d1bec,GINFOSEC-91259_cny-prod-backend-server02-JAVA.csv
19608f24-7128-59b0-ba4b-3d40b9121fb1,GINFOSEC-91259_cny-prod-backend-server02-JAVA.csv
045878e0-ad77-55ff-b0bf-98718d140d4d,GINFOSEC-91259_cny-prod-backend-server02-JAVA.csv
f17c4688-4abd-5e5b-9bcd-b4ec98ffb35d,GINFOSEC-91259_cny-prod-backend-server02-JAVA.csv
a225f6b0-a50d-537d-ab96-4f2eedff18a4,GINFOSEC-91259_cny-prod-backend-server02-JAVA.csv
26cf0f3a-2e48-5338-ab27-26fb0b493226,GINFOSEC-91259_cny-prod-backend-server02-JAVA.csv
e691e781-cb8f-5c6a-b3ad-f4ec31e71615,GINFOSEC-91259_cny-prod-backend-server02-JAVA.csv
f8ed5560-faed-5d56-86ea-64edf5d25ee0,GINFOSEC-91259_cny-prod-backend-server02-JAVA.csv
293dda31-8df1-558d-871c-5c45713df3cf,GINFOSEC-91259_cny-prod-backend-server02-JAVA.csv
02026fa3-7893-506e-8db2-3926a58f3935,GINFOSEC-91259_cny-prod-backend-server02-JAVA.csv
8a24f4c6-2cd5-59f2-b665-3b75767ce2ec,GINFOSEC-91259_cny-prod-backend-server02-JAVA.csv
1cea5f7b-4d6a-5c3c-9c5a-089bb73a3b94,GINFOSEC-91259_cny-prod-backend-server02-JAVA.csv
f0a0b8f5-0158-5648-91ea-454ac1f0cf58,GINFOSEC-91259_cny-prod-backend-server02-JAVA.csv
fbe5836d-e67e-5a8b-937e-0d1536a42fc3,GINFOSEC-91259_cny-prod-backend-server02-JAVA.csv
0efa4274-d116-5b23-a546-9a922ce52a19,GINFOSEC-91259_cny-prod-backend-server02-JAVA.csv
de98445c-8063-5d21-b981-c6c1a0b94eba,GINFOSEC-91259_cny-prod-backend-server02-JAVA.csv
851fffc3-b31c-5275-bd1d-138f42906c51,GINFOSEC-91261_cny-sit-backend-server1-JAVA.csv
dc8ec048-8aff-55ad-a44d-b272c9573f8b,GINFOSEC-91261_cny-sit-backend-server1-JAVA.csv
69369855-807c-59ca-b5fa-22662ac2d9e4,GINFOSEC-91261_cny-sit-backend-server1-JAVA.csv
9546387b-0145-5e2b-b085-36f38f70af9c,GINFOSEC-91261_cny-sit-backend-server1-JAVA.csv
41ded614-41f1-5ea3-a55e-1fa65a315e17,GINFOSEC-91261_cny-sit-backend-server1-JAVA.csv
7acca0f2-e70a-5d8d-91e1-b0f0190e8a18,GINFOSEC-91261_cny-sit-backend-server1-JAVA.csv
b8866279-762a-51a0-98d3-b5dc5c504726,GINFOSEC-91261_cny-sit-backend-server1-JAVA.csv
434f9a5e-1bff-568a-a471-de8c5128cfa9,GINFOSEC-91261_cny-sit-backend-server1-JAVA.csv
4dccec48-d5ae-53d0-a5a6-e6e5d195cb7a,GINFOSEC-91261_cny-sit-backend-server1-JAVA.csv
3a55b59b-ee02-53a7-840d-fee71ed133e9,GINFOSEC-91261_cny-sit-backend-server1-JAVA.csv
ee754e3e-615d-5a70-919e-83514c2fb97a,GINFOSEC-91261_cny-sit-backend-server1-JAVA.csv
072a511b-9d41-5e6c-a32c-8d8c67b25cbe,GINFOSEC-91534_cny-sit-backend-server1-JAVA.csv
8637ab68-fc6d-5382-aad6-fb01af5ebdf1,GINFOSEC-91534_cny-sit-backend-server1-JAVA.csv
e9b31660-f398-55be-8d22-811eac0bdc6b,GINFOSEC-91535_cny-prod-backend-server03-JAVA.csv
cb34294c-f0bd-5f60-a311-873ed77b26ab,GINFOSEC-91535_cny-prod-backend-server03-JAVA.csv
c8edcbab-0368-55e7-a97a-f1988db2d2d8,GINFOSEC-91535_cny-prod-backend-server03-JAVA.csv
449b1ba7-459c-5ce8-b8bf-871af7077175,GINFOSEC-91535_cny-prod-backend-server03-JAVA.csv
45bad974-b504-56fa-8f92-9e4959543581,GINFOSEC-91536_cny-prod-backend-server01-JAVA.csv
67e325ba-2b39-509b-8338-2a401142b756,GINFOSEC-91536_cny-prod-backend-server01-JAVA.csv
85d6d02e-e8df-5649-9194-b7eb445dcbd0,GINFOSEC-91536_cny-prod-backend-server01-JAVA.csv
a2fcd37e-4d0c-5d34-8890-75a8fad70c6a,GINFOSEC-91536_cny-prod-backend-server01-JAVA.csv
29979ea8-39a1-5ee2-aed7-c6f574659b07,GINFOSEC-91537_cny-prod-backend-server07-JAVA.csv
5a8fcb57-9ef2-5e0c-aeee-76dfb71a0884,GINFOSEC-91537_cny-prod-backend-server07-JAVA.csv
dc17c685-8a17-539b-ae61-1d655861cdd0,GINFOSEC-91537_cny-prod-backend-server07-JAVA.csv
bba34db6-b689-543f-8eff-d010445f6a14,GINFOSEC-91537_cny-prod-backend-server07-JAVA.csv
ddc21ca1-ba20-5f1a-b793-37a4c38e8aba,GINFOSEC-91538_cny-prod-backend-server06-JAVA.csv
49f27154-dfca-5575-9ce6-e1877d8ae256,GINFOSEC-91538_cny-prod-backend-server06-JAVA.csv
c21ed73d-7e48-534c-9d13-3c6181a7b615,GINFOSEC-91538_cny-prod-backend-server06-JAVA.csv
90aea076-de3b-5b30-96fe-8a08d112a7d4,GINFOSEC-91538_cny-prod-backend-server06-JAVA.csv
6647a98f-002c-5a1f-beda-22327afa7582,GINFOSEC-91539_cny-prod-backend-server04-JAVA.csv
9333c559-4a21-572f-baa4-e74465ae8de9,GINFOSEC-91539_cny-prod-backend-server04-JAVA.csv
173121a3-925b-55ef-9394-afc19d0c2bd6,GINFOSEC-91539_cny-prod-backend-server04-JAVA.csv
4bb693bf-6a75-57d3-b4b8-061dcf21aa8b,GINFOSEC-91539_cny-prod-backend-server04-JAVA.csv
eb8f873b-1c17-5664-83c9-bcb2a9e341fe,GINFOSEC-91540_cny-prod-backend-server02-JAVA.csv
bc0aa43a-f6a9-5e90-8ab3-d4206e3942da,GINFOSEC-91540_cny-prod-backend-server02-JAVA.csv
5be14881-1d8f-5e40-bcaf-210fbf7185fb,GINFOSEC-91540_cny-prod-backend-server02-JAVA.csv
08731857-bd3b-5090-9994-4088bb1aec60,GINFOSEC-91540_cny-prod-backend-server02-JAVA.csv
29cbb2d1-2358-5d1e-b139-f76198b2f590,GINFOSEC-92563_cny-sit-backend-server1-JAVA.csv
a9b7a5be-28bc-5a79-9d8b-1fd8f430d209,GINFOSEC-92563_cny-sit-backend-server1-JAVA.csv
b256bba5-af0a-5dfe-9f90-a185cb6ef4c8,GINFOSEC-92563_cny-sit-backend-server1-JAVA.csv
1b4c9332-c9b8-5f26-a2bd-10174535499b,GINFOSEC-92563_cny-sit-backend-server1-JAVA.csv
f1876cc0-1a44-5bca-af8c-216d24f4f09b,GINFOSEC-92563_cny-sit-backend-server1-JAVA.csv
1f9c2785-2076-5f3b-b9aa-eb8a3ec37ec7,GINFOSEC-92563_cny-sit-backend-server1-JAVA.csv
3af53e18-59f5-569c-8b7e-6524f74ef3d8,GINFOSEC-92564_cny-prod-backend-server03-JAVA.csv
d1300e73-b682-5c40-9219-92627a679422,GINFOSEC-92564_cny-prod-backend-server03-JAVA.csv
aa5b4a45-14e6-5eb1-90be-64aaee219ddb,GINFOSEC-92564_cny-prod-backend-server03-JAVA.csv
ffacef90-27e3-53f9-9ccc-347a52bbdb3e,GINFOSEC-92564_cny-prod-backend-server03-JAVA.csv
e32ce63b-ec8a-5d71-82c2-3bbe88f210f9,GINFOSEC-92564_cny-prod-backend-server03-JAVA.csv
7f756564-2955-5155-983d-5bdda12d0496,GINFOSEC-92564_cny-prod-backend-server03-JAVA.csv
9762a9ef-f674-54e3-b7f1-5af3a8c7b78c,GINFOSEC-92565_cny-prod-backend-server01-JAVA.csv
da38ad1b-85df-544f-b662-15849e0f47cd,GINFOSEC-92565_cny-prod-backend-server01-JAVA.csv
e3cbdd51-362f-5a26-831f-b4dbbe8f3d5c,GINFOSEC-92565_cny-prod-backend-server01-JAVA.csv
4ef222e1-837a-50c9-b08b-4929e15ea94b,GINFOSEC-92565_cny-prod-backend-server01-JAVA.csv
39df5887-f796-5ceb-a19e-047e5850f888,GINFOSEC-92565_cny-prod-backend-server01-JAVA.csv
e6b210bb-cabe-57bf-843c-302051bc4182,GINFOSEC-92565_cny-prod-backend-server01-JAVA.csv
5db5148e-95f1-59fb-bab0-1bd37fa28997,GINFOSEC-92566_cny-prod-backend-server07-JAVA.csv
176aef08-99ea-5f29-ab94-231ca221c54f,GINFOSEC-92566_cny-prod-backend-server07-JAVA.csv
1ba0092b-3dd0-51d9-8ab0-0f959ad649ea,GINFOSEC-92566_cny-prod-backend-server07-JAVA.csv
89fb18b5-c8b3-5940-b7b8-a19e95c318c0,GINFOSEC-92566_cny-prod-backend-server07-JAVA.csv
d39a8226-37d4-5c13-bf4e-ca98752e75fc,GINFOSEC-92566_cny-prod-backend-server07-JAVA.csv
46b088bf-1afb-57ab-8db4-6ea1b074223f,GINFOSEC-92566_cny-prod-backend-server07-JAVA.csv
037fce44-5eac-5df1-b8de-62f448a6af75,GINFOSEC-92567_cny-prod-backend-server06-JAVA.csv
f74a13d0-0f82-5c31-a936-5c0206a05a52,GINFOSEC-92567_cny-prod-backend-server06-JAVA.csv
1d52ce44-6e6c-5953-a994-eb52c42cc130,GINFOSEC-92567_cny-prod-backend-server06-JAVA.csv
7c8bee14-5a33-5336-a739-bcb26f744c5e,GINFOSEC-92567_cny-prod-backend-server06-JAVA.csv
01b4b33d-8715-5f5d-9503-3cf2a4ae4696,GINFOSEC-92567_cny-prod-backend-server06-JAVA.csv
9c4ca5a6-ea0d-5b68-8995-90b72664d220,GINFOSEC-92567_cny-prod-backend-server06-JAVA.csv
b822c66b-7614-563d-9be1-5b9a12049b9b,GINFOSEC-92568_cny-prod-backend-server04-JAVA.csv
51f12d7b-f353-51d8-b5f7-67577febcbf4,GINFOSEC-92568_cny-prod-backend-server04-JAVA.csv
de4a76f0-1e00-5377-af9e-221491697111,GINFOSEC-92568_cny-prod-backend-server04-JAVA.csv
f17f13f7-6753-5222-bbfd-a82dfaffcb77,GINFOSEC-92568_cny-prod-backend-server04-JAVA.csv
0619ef2b-4ffb-5500-93d0-c68d641e0314,GINFOSEC-92568_cny-prod-backend-server04-JAVA.csv
b66f9547-08f0-5e01-bb2d-7831e9faf988,GINFOSEC-92568_cny-prod-backend-server04-JAVA.csv
9b8aee35-78f0-5f82-ac89-85a5e2af10fe,GINFOSEC-92569_cny-prod-backend-server02-JAVA.csv
ae43c690-fb9d-5296-807a-7d75fcc2f6be,GINFOSEC-92569_cny-prod-backend-server02-JAVA.csv
e807269a-a687-501e-8b65-70a7b6ae0f18,GINFOSEC-92569_cny-prod-backend-server02-JAVA.csv
a8ae76e2-769c-52b8-a1f3-4d4766b72d69,GINFOSEC-92569_cny-prod-backend-server02-JAVA.csv
900fff0a-c1b1-54e0-8a0c-e3508dcd1d5a,GINFOSEC-92569_cny-prod-backend-server02-JAVA.csv
3d9f1e8e-938b-5a85-957d-c132a6787c0b,GINFOSEC-92569_cny-prod-backend-server02-JAVA.csv
91403f84-fcc2-5da4-aa6a-98ac59838207,GINFOSEC-92940_cny-prod-backend-server-JAVA.csv
2047ad15-f4eb-54eb-9cf5-1a6fd2a189d6,GINFOSEC-92940_cny-prod-backend-server-JAVA.csv
93e2f51c-ec69-5730-bff4-bcb64df41e78,GINFOSEC-92940_cny-prod-backend-server-JAVA.csv
6a99f7cf-128f-5a18-9d11-cf8b6ffbb558,GINFOSEC-92940_cny-prod-backend-server-JAVA.csv
31ffb676-c580-5aca-b2bd-00d0c8647f37,GINFOSEC-92940_cny-prod-backend-server-JAVA.csv
6228e062-fe7a-5d90-8046-bf5d9c6a8e67,GINFOSEC-92940_cny-prod-backend-server-JAVA.csv
e26d380b-4e1b-530f-8af7-aa20c2aabcb4,GINFOSEC-92940_cny-prod-backend-server-JAVA.csv
346d84af-7fd5-59ec-b264-967f209ac4fd,GINFOSEC-92940_cny-prod-backend-server-JAVA.csv
d6fc1c80-80f4-5958-9ae9-9cd1afe2ea35,GINFOSEC-92940_cny-prod-backend-server-JAVA.csv
05c53f6f-4a17-5bd9-8709-9216b289473e,GINFOSEC-92940_cny-prod-backend-server-JAVA.csv
b86e662b-5640-5716-b0ed-ec424e7e9556,GINFOSEC-92941_cny-prod-backend-server-RPM.csv
a095d50e-081e-5d8a-98c6-f6faa5d60b17,GINFOSEC-92942_cny-prod-backend-server07-ANACONDA.csv
7d508c2f-e79b-54bf-a879-f82c32a640ea,GINFOSEC-92943_cny-prod-backend-server07-RPM.csv
74663eac-0fab-5e63-b09b-f7d4fb86f522,GINFOSEC-92944_cny-sit-backend-server1-RPM.csv
6ed2adb0-ddf1-5555-9b65-1bc5d0df5dbf,GINFOSEC-92945_cny-prod-backend-server03-RPM.csv
5ac657d3-e18c-5ad8-a632-8602ab29f88b,GINFOSEC-92946_cny-prod-backend-server01-RPM.csv
8a68047f-87ef-591c-929e-4f819346ff49,GINFOSEC-92947_cny-prod-backend-server06-RPM.csv
3e68398f-d017-558b-92e3-a4d8b2ca50db,GINFOSEC-92948_cny-prod-backend-server04-RPM.csv
def15037-37a9-52ad-83bd-c9a9b413fddb,GINFOSEC-92949_cny-prod-backend-server02-RPM.csv
c81846a5-c15a-5160-a1aa-7130330b1ea7,GINFOSEC-95413_cny-prod-backend-server03-JAVA.csv
75bf135e-a2f8-5a78-839a-ebef6ea162af,GINFOSEC-95413_cny-prod-backend-server03-JAVA.csv
d9709091-3149-5fa3-bfb0-961d81a9319c,GINFOSEC-95413_cny-prod-backend-server03-JAVA.csv
3f442535-4f9f-5278-b8b0-3752400e19f6,GINFOSEC-95413_cny-prod-backend-server03-JAVA.csv
2ef8bdfe-f3c4-5f3b-93a1-6f990abb997a,GINFOSEC-95413_cny-prod-backend-server03-JAVA.csv
56397327-2af2-5d2f-90f1-7293a6c0c2bd,GINFOSEC-95413_cny-prod-backend-server03-JAVA.csv
71499042-b0b8-5067-8c78-724b7de4d153,GINFOSEC-95413_cny-prod-backend-server03-JAVA.csv
56f74c3d-f8a9-5d82-b1e6-3e772281e28c,GINFOSEC-95413_cny-prod-backend-server03-JAVA.csv
a34778eb-cb7a-5449-bc69-3362d218fc80,GINFOSEC-95413_cny-prod-backend-server03-JAVA.csv
617c7b2a-618f-5bd4-8df9-a69c4fce8071,GINFOSEC-95413_cny-prod-backend-server03-JAVA.csv
5d4194cc-5eb0-506d-9ed7-009d5b0ec98c,GINFOSEC-95413_cny-prod-backend-server03-JAVA.csv
d1553aff-9885-50f2-83fe-bbf7ca2f9c3c,GINFOSEC-95413_cny-prod-backend-server03-JAVA.csv
669667f3-efe1-5f7a-8ce3-f03c67d4cc06,GINFOSEC-95413_cny-prod-backend-server03-JAVA.csv
46114a0f-98cc-59ed-8624-53d462c2a57c,GINFOSEC-95413_cny-prod-backend-server03-JAVA.csv
a7eef0e1-d931-59ee-8093-211557755fc9,GINFOSEC-95413_cny-prod-backend-server03-JAVA.csv
1e34bf08-dc5d-5832-8e3f-311c68fd4e7d,GINFOSEC-95414_cny-prod-backend-server01-JAVA.csv
12c85806-9788-53ef-a5ff-3398ea7fa969,GINFOSEC-95414_cny-prod-backend-server01-JAVA.csv
74d0526a-e798-54ee-964a-0a58c0dc3712,GINFOSEC-95414_cny-prod-backend-server01-JAVA.csv
99ec3fc3-b3d3-5450-97c5-030577791c31,GINFOSEC-95414_cny-prod-backend-server01-JAVA.csv
27c8b7e2-59d4-5e74-92f9-d04762ce4a1a,GINFOSEC-95414_cny-prod-backend-server01-JAVA.csv
cc536e3f-3527-55e0-8888-68d155cee7fd,GINFOSEC-95414_cny-prod-backend-server01-JAVA.csv
524b16b6-758f-5537-ba9e-6ed491050ad7,GINFOSEC-95414_cny-prod-backend-server01-JAVA.csv
ab3dfad0-de18-5604-8c75-a3238e982c42,GINFOSEC-95414_cny-prod-backend-server01-JAVA.csv
d9ed62d3-ef64-57d7-93e7-c8eb42bb02ff,GINFOSEC-95414_cny-prod-backend-server01-JAVA.csv
8b74377b-3a60-56d1-b4dd-6b1f233f04bd,GINFOSEC-95414_cny-prod-backend-server01-JAVA.csv
e6d4bc68-03e2-56bd-90c1-b6ec00779b6d,GINFOSEC-95414_cny-prod-backend-server01-JAVA.csv
3e23b941-0abc-53aa-82f6-8861d26f5bfa,GINFOSEC-95414_cny-prod-backend-server01-JAVA.csv
36df33d7-296a-5626-b554-94607d6800e8,GINFOSEC-95414_cny-prod-backend-server01-JAVA.csv
88e75413-c717-510a-a6f3-ab49eadeab57,GINFOSEC-95414_cny-prod-backend-server01-JAVA.csv
ca269e6f-55f0-59f3-8c1b-fb8579bce59b,GINFOSEC-95414_cny-prod-backend-server01-JAVA.csv
6e414380-b759-55c3-a46e-4d1eef52a7dc,GINFOSEC-95415_cny-prod-backend-server06-JAVA.csv
42bb9edb-0d5c-50e1-9837-c2f98c36e561,GINFOSEC-95415_cny-prod-backend-server06-JAVA.csv
26d40079-5638-5dde-af5e-8e0101995083,GINFOSEC-95415_cny-prod-backend-server06-JAVA.csv
c797ba85-89e5-55e8-8e59-f3d0c0834d49,GINFOSEC-95415_cny-prod-backend-server06-JAVA.csv
05aadcf7-1841-5218-ad8b-20f22fafbc5a,GINFOSEC-95415_cny-prod-backend-server06-JAVA.csv
f1a97bc1-9d65-53a8-893c-60d51985d3be,GINFOSEC-95415_cny-prod-backend-server06-JAVA.csv
2cc72099-d6b0-5d6e-8315-8ee1cd65ac7c,GINFOSEC-95415_cny-prod-backend-server06-JAVA.csv
36c1e890-f67e-5f21-9de5-7d2d13d579a3,GINFOSEC-95415_cny-prod-backend-server06-JAVA.csv
d11e824c-45c1-5b26-b738-9d7e0cf16e51,GINFOSEC-95415_cny-prod-backend-server06-JAVA.csv
93018b46-ece1-545a-85de-845b445c21a3,GINFOSEC-95415_cny-prod-backend-server06-JAVA.csv
ebecdd43-1d1e-5a19-984a-5257027e17f5,GINFOSEC-95415_cny-prod-backend-server06-JAVA.csv
6daeedde-dc10-5bf6-a9d2-d36c0b00e82e,GINFOSEC-95415_cny-prod-backend-server06-JAVA.csv
84fdc219-42d1-5493-b934-6e8414c04037,GINFOSEC-95415_cny-prod-backend-server06-JAVA.csv
bb2d92e2-913f-5651-9f07-ef718e4feb0c,GINFOSEC-95415_cny-prod-backend-server06-JAVA.csv
496aa298-2777-547f-973c-f658bcf77a41,GINFOSEC-95415_cny-prod-backend-server06-JAVA.csv
c652e324-6357-5ce0-84ce-2a46884f0788,GINFOSEC-95416_cny-prod-backend-server-JAVA.csv
287009a5-539d-5598-a542-e29f11b1683e,GINFOSEC-95416_cny-prod-backend-server-JAVA.csv
87bdc4a4-de41-535b-9018-11a067cfe04e,GINFOSEC-95416_cny-prod-backend-server-JAVA.csv
3456c2dc-08f4-5003-8d8b-a387901ab991,GINFOSEC-95416_cny-prod-backend-server-JAVA.csv
ee7941f9-204c-5de6-bd59-b36d5d0b6e6f,GINFOSEC-95416_cny-prod-backend-server-JAVA.csv
9161dba2-54a6-5b9e-b985-4fd381d5e196,GINFOSEC-95416_cny-prod-backend-server-JAVA.csv
24a43e91-d3f5-5fe9-abc9-fcb27050d37e,GINFOSEC-95416_cny-prod-backend-server-JAVA.csv
fe0aaa00-e78a-50fa-b467-7760bd21634c,GINFOSEC-95416_cny-prod-backend-server-JAVA.csv
144d118d-34c9-5c94-b9aa-8ac86d15c10c,GINFOSEC-95416_cny-prod-backend-server-JAVA.csv
4c2e53a0-4d4a-5136-accf-8c4bc7e34614,GINFOSEC-95416_cny-prod-backend-server-JAVA.csv
146f8ab9-4628-50e2-b6ad-c1cd7a7df39d,GINFOSEC-95416_cny-prod-backend-server-JAVA.csv
81945751-b563-5c59-8017-2492c47963f4,GINFOSEC-95416_cny-prod-backend-server-JAVA.csv
9c5c3dbf-a06c-5a92-91c2-40a42b0cf686,GINFOSEC-95416_cny-prod-backend-server-JAVA.csv
0d89fd23-4849-5c39-91a0-7cdd1d629828,GINFOSEC-95416_cny-prod-backend-server-JAVA.csv
e3fa2653-b338-50bd-8fc9-03c52bfd40aa,GINFOSEC-95416_cny-prod-backend-server-JAVA.csv
3c4401de-4269-5d44-ac1d-32d9f4780bd0,GINFOSEC-95416_cny-prod-backend-server-JAVA.csv
96d8e506-460e-52c6-98f8-bb0b19b8a15f,GINFOSEC-95417_cny-prod-backend-server02-JAVA.csv
ac8ca1ac-1afc-5501-a657-ff0ddd155fb5,GINFOSEC-95417_cny-prod-backend-server02-JAVA.csv
6a3ae82a-8822-5d56-965c-d0383ea4a0c8,GINFOSEC-95417_cny-prod-backend-server02-JAVA.csv
8da6f7b9-7de9-519d-bfc8-9f5bfef34035,GINFOSEC-95417_cny-prod-backend-server02-JAVA.csv
a9bfe5a6-440e-5652-b9f3-03f830f9b41c,GINFOSEC-95417_cny-prod-backend-server02-JAVA.csv
b20dc101-f629-5fcf-9350-328b94e87107,GINFOSEC-95417_cny-prod-backend-server02-JAVA.csv
d5a038aa-8168-502a-8a46-af9d60355982,GINFOSEC-95417_cny-prod-backend-server02-JAVA.csv
18d7cee7-d435-54b1-b81b-44d1f7de8949,GINFOSEC-95417_cny-prod-backend-server02-JAVA.csv
81f153cc-6109-52b9-be38-392b6c708c85,GINFOSEC-95417_cny-prod-backend-server02-JAVA.csv
f79a443f-2d96-5d30-9a99-b4709f52c6b3,GINFOSEC-95417_cny-prod-backend-server02-JAVA.csv
b3eef0a7-d93f-51b1-88ab-631bdb3e725b,GINFOSEC-95417_cny-prod-backend-server02-JAVA.csv
9f8fd0e2-15f8-5a59-9bfa-23727bd8694a,GINFOSEC-95417_cny-prod-backend-server02-JAVA.csv
ecedb540-8d74-5af3-8318-aae4af613ada,GINFOSEC-95417_cny-prod-backend-server02-JAVA.csv
4cfd5fed-4d87-5923-acf8-253182cd1f9b,GINFOSEC-95417_cny-prod-backend-server02-JAVA.csv
d191e0cf-cdc6-5a8e-92f2-03967f4fd73a,GINFOSEC-95417_cny-prod-backend-server02-JAVA.csv
